Question_ID,Questions,Answers,Clean_Questions
1009594,what is positive psychology?,<start> mental health topic support and care can help. <end>,positive psychology
1028374,what are common signs of war trauma in children?,"<start> flashbacks, avoidance, hyperarousal. <end>",common sign war trauma child
1030153,how can i find a mental health professional for myself or my child?,<start> feeling comfortable with the professional you or your child is working with is critical to the success of the treatment. <end>,find mental health professional child
1036161,how is bipolar disorder treated?,<start> mood stabilizers therapy routine. <end>,bipolar disorder treated
1043721,i received a diagnosis but i don t think it s right. what can i do?,"<start> if possible, bring up your concerns with the professional who provided the diagnosis. <end>",received diagnosis think right
1054447,how is when to call emergency services treated?,<start> consult a professional treatments exist. <end>,call emergency service treated
1059486,how is school counselor treated?,<start> find a trained provider many effective styles. <end>,school counselor treated
1109031,what are common signs of self harm?,"<start> talk of death, giving away items, self injury. <end>",common sign self harm
1120642,when should i get help for sexual assault trauma?,"<start> seek help if symptoms persist, worsen, or disrupt daily life. <end>",get help sexual assault trauma
1131249,what is cost of mental health care?,<start> mental health topic support and care can help. <end>,cost mental health care
1155199,"if i become involved in treatment, what do i need to know?",<start> it is important to be as involved and engaged in the treatment process as possible. <end>,become involved treatment need know
1156287,when should i get help for caregiver stress?,"<start> seek help if symptoms persist, worsen, or disrupt daily life. <end>",get help caregiver stress
1162230,can relapse prevention improve with treatment?,<start> yes. with proper care many people improve. <end>,relapse prevention improve treatment
1192619,when should i get help for talking to parents about mental health?,"<start> seek help if symptoms persist, worsen, or disrupt daily life. <end>",get help talking parent mental health
1247595,what is puberty and emotions?,<start> mental health topic support and care can help. <end>,puberty emotion
1259439,if i become involved in treatment what do i need to know?,<start> it is important to continue involvement in the treatment process as much as possible. <end>,become involved treatment need know
1326765,when should i get help for goal setting?,"<start> seek help if symptoms persist, worsen, or disrupt daily life. <end>",get help goal setting
1337085,"i have thoughts of suicide, or someone i care about is talking about suicide. what should i do?","<start> if you need to talk to someone or you aren t sure how to help someone you care about, call 1 800 suicide 1 800 784 2433 at any time. <end>",thought suicide someone care talking suicide
1352896,what is refugee trauma?,<start> ongoing distress after trauma. <end>,refugee trauma
1397023,what are common signs of financial stress?,"<start> restlessness, racing thoughts, tension, avoidance. <end>",common sign financial stress
1415846,when should i get help for text vs call crisis help?,"<start> seek help if symptoms persist, worsen, or disrupt daily life. <end>",get help text v call crisis help
1419610,what are common signs of anxiety?,"<start> restlessness, racing thoughts, tension, avoidance. <end>",common sign anxiety
1445199,what is postpartum depression?,"<start> persistent low mood, loss of interest help is available. <end>",postpartum depression
1463060,when should i get help for genetic testing for meds?,"<start> seek help if symptoms persist, worsen, or disrupt daily life. <end>",get help genetic testing med
1499914,what is substance use disorder?,<start> problem use of substances despite harm. <end>,substance use disorder
1511075,how do i deal with someone telling me what to do?,"<start> some people may advise you on good evidence of what works with the best of intentions, but it's important to find out what works best for you. <end>",deal someone telling
1527021,when should i get help for rural mental health access?,"<start> seek help if symptoms persist, worsen, or disrupt daily life. <end>",get help rural mental health access
1533224,can eating disorders improve with treatment?,<start> yes. with proper care many people improve. <end>,eating disorder improve treatment
1538552,when should i get help for combining meds and therapy?,"<start> seek help if symptoms persist, worsen, or disrupt daily life. <end>",get help combining med therapy
1546812,can i get help paying for prescription medications?,"<start> bc pharmacare covers the cost of some medications through plan g, the psychiatric medications plan, for people who need a medication to be well but cannot. <end>",get help paying prescription medication
1585622,where can i find child and youth mental health services?,"<start> to find help for a child or youth, you can encourage your child to talk to a teacher or school counsellor talk to your family doctor or pediatrician, or go to. <end>",find child youth mental health service
1590140,what does it mean to have a mental illness?,"<start> mental illnesses are health conditions that disrupt a person's thoughts, emotions, relationships, and daily functioning. <end>",mean mental illness
1604451,when should i get help for intensive outpatient program?,"<start> seek help if symptoms persist, worsen, or disrupt daily life. <end>",get help intensive outpatient program
1619387,what should i do if i know someone who appears to have the symptoms of a mental disorder?,<start> we encourage those with symptoms to talk to their friends and family members and seek the counsel of a mental health professional. <end>,know someone appears symptom mental disorder
1641849,when should i get help for caffeine and anxiety?,"<start> seek help if symptoms persist, worsen, or disrupt daily life. <end>",get help caffeine anxiety
1649691,how is light therapy treated?,<start> find a trained provider many effective styles. <end>,light therapy treated
1666754,how is tourette syndrome treated?,<start> consult a professional treatments exist. <end>,tourette syndrome treated
1667863,can you prevent mental health problems?,"<start> we can all suffer from mental health challenges, but developing our wellbeing, resilience, and seeking help early can help prevent challenges becoming serious. <end>",prevent mental health problem
1669324,what are common signs of reducing stigma?,"<start> watch for changes in mood, behavior, or function. <end>",common sign reducing stigma
1701771,when should i get help for workplace accommodations?,"<start> seek help if symptoms persist, worsen, or disrupt daily life. <end>",get help workplace accommodation
1706961,what's the difference between cbt and dbt?,"<start> cbt cognitive behavioural therapy and dbt dialectical behaviour therapy are two forms of psychotherapy or talk therapy. in both, you work with a mental. <end>",whats difference cbt dbt
1728977,what are common signs of intellectual disability?,"<start> watch for changes in mood, behavior, or function. <end>",common sign intellectual disability
1739653,what are common signs of couples therapy?,<start> n a. <end>,common sign couple therapy
1744682,can immigrant mental health improve with treatment?,<start> yes. with proper care many people improve. <end>,immigrant mental health improve treatment
1768805,what are common signs of student mental health?,"<start> watch for changes in mood, behavior, or function. <end>",common sign student mental health
1790481,how is partial hospitalization treated?,<start> consult a professional treatments exist. <end>,partial hospitalization treated
1833460,where can older adults find help for mental health concerns?,"<start> mental health concerns are a serious concern at any age, and everyone deserves help and support. <end>",older adult find help mental health concern
1841248,how is grief treated?,<start> consult a professional treatments exist. <end>,grief treated
1848731,can hormones and mood improve with treatment?,<start> yes. with proper care many people improve. <end>,hormone mood improve treatment
1852264,how is grounding techniques treated?,<start> consult a professional treatments exist. <end>,grounding technique treated
1896541,what are positive and negative symptoms?,<start> positive and negative symptoms are medical terms for two groups of symptoms in schizophrenia. positive symptoms add. <end>,positive negative symptom
1898078,what's the difference between psychotherapy and counselling?,<start> psychotherapy and counselling have a lot in common and usually mean the same thing. <end>,whats difference psychotherapy counselling
1908841,can parasocial relationships improve with treatment?,<start> yes. with proper care many people improve. <end>,parasocial relationship improve treatment
1938483,what are common signs of medication adherence?,"<start> watch for changes in mood, behavior, or function. <end>",common sign medication adherence
1954280,how is suicidal thoughts treated?,<start> immediate crisis support professional care. <end>,suicidal thought treated
1959074,what are common signs of seasonal affective disorder?,"<start> watch for changes in mood, behavior, or function. <end>",common sign seasonal affective disorder
1971823,when should i get help for trauma after violence?,"<start> seek help if symptoms persist, worsen, or disrupt daily life. <end>",get help trauma violence
1981186,when should i get help for generalized anxiety disorder?,"<start> seek help if symptoms persist, worsen, or disrupt daily life. <end>",get help generalized anxiety disorder
1983738,can teen parenting stress improve with treatment?,<start> yes. with proper care many people improve. <end>,teen parenting stress improve treatment
1987737,what is lgbtq youth suicide risk?,<start> thoughts of ending life or hurting yourself need urgent help. <end>,lgbtq youth suicide risk
2009922,i m having a hard time coping with a physical health problem. where can i find help?,<start> physical health can have a big impact on mental health! <end>,hard time coping physical health problem find help
2016911,what are common signs of role play therapy?,<start> n a. <end>,common sign role play therapy
2022698,can social anxiety improve with treatment?,<start> yes. with proper care many people improve. <end>,social anxiety improve treatment
2065818,how is legal rights in treatment treated?,<start> consult a professional treatments exist. <end>,legal right treatment treated
2074176,when should i get help for interpreters in therapy?,"<start> seek help if symptoms persist, worsen, or disrupt daily life. <end>",get help interpreter therapy
2110460,how is screen time and mood treated?,<start> consult a professional treatments exist. <end>,screen time mood treated
2110618,who does mental illness affect?,"<start> mental illness can affect anyone, regardless of gender, age, income, social status, ethnicity, religion, sexual orientation, or background. <end>",mental illness affect
2115228,where can i find self help materials for anxiety?,<start> self help resources are not a substitute for diagnosis or treatment. <end>,find self help material anxiety
2130789,how is intersectionality mental health treated?,<start> consult a professional treatments exist. <end>,intersectionality mental health treated
2140194,how is gambling disorder treated?,<start> consult a professional treatments exist. <end>,gambling disorder treated
2149597,what are common signs of opioid use disorder?,"<start> cravings, loss of control, withdrawal. <end>",common sign opioid use disorder
2154126,how is psychiatrist vs psychologist treated?,<start> consult a professional treatments exist. <end>,psychiatrist v psychologist treated
2161193,when should i get help for retirement adjustment?,"<start> seek help if symptoms persist, worsen, or disrupt daily life. <end>",get help retirement adjustment
2164686,what are common signs of isolation and loneliness?,"<start> watch for changes in mood, behavior, or function. <end>",common sign isolation loneliness
2166941,what is lgbtq mental health?,<start> mental health topic support and care can help. <end>,lgbtq mental health
2173965,what are common signs of minority stress?,"<start> restlessness, racing thoughts, tension, avoidance. <end>",common sign minority stress
2176317,how can i pay for mental health care?,"<start> mental health services provided through the government run public system, like services you receive through your local mental health centre or team, an. <end>",pay mental health care
2188789,what is noise and mental health?,<start> mental health topic support and care can help. <end>,noise mental health
2191066,can human trafficking trauma improve with treatment?,<start> yes. with proper care many people improve. <end>,human trafficking trauma improve treatment
2197935,what are common signs of support groups?,"<start> watch for changes in mood, behavior, or function. <end>",common sign support group
2217071,how is workplace stress treated?,"<start> therapy, skills practice, sometimes medication. <end>",workplace stress treated
2229110,what are common signs of mindfulness?,<start> n a. <end>,common sign mindfulness
2262382,what are common signs of inpatient vs outpatient care?,"<start> watch for changes in mood, behavior, or function. <end>",common sign inpatient v outpatient care
2264748,what are common signs of sugar and mood swings?,"<start> watch for changes in mood, behavior, or function. <end>",common sign sugar mood swing
2321324,what is pandemic mental health?,<start> mental health topic support and care can help. <end>,pandemic mental health
2322047,what are common signs of heart disease and mental health?,"<start> watch for changes in mood, behavior, or function. <end>",common sign heart disease mental health
2338687,can relationship counseling improve with treatment?,<start> yes. with proper care many people improve. <end>,relationship counseling improve treatment
2344047,can dementia improve with treatment?,<start> yes. with proper care many people improve. <end>,dementia improve treatment
2375453,when should i get help for conduct disorder?,"<start> seek help if symptoms persist, worsen, or disrupt daily life. <end>",get help conduct disorder
2437026,what are common signs of isolation and loneliness?,"<start> watch for changes in mood, behavior, or function. <end>",common sign isolation loneliness
2447683,"cannabis is legally allowed to 19 but there are doctor groups saying it s potentially harmful to age 25. any use or certain use? what s myth and what s fact? if i m a parent, what should i tell my young adult?",<start> using cannabis has the potential for benefits and harms. <end>,cannabis legally allowed doctor group saying potentially harmful age use certain use myth fact parent tell young adult
2458591,how is autism treated?,<start> supportive therapies strength based approach. <end>,autism treated
2525206,what are common signs of inpatient vs outpatient care?,"<start> watch for changes in mood, behavior, or function. <end>",common sign inpatient v outpatient care
2548511,when should i get help for exposure therapy?,"<start> seek help if symptoms persist, worsen, or disrupt daily life. <end>",get help exposure therapy
2553795,how can i find a mental health professional right for my child or myself?,<start> feeling comfortable with the professional you or your child is working with is critical to the success of your treatment. <end>,find mental health professional right child
2554141,why do i need a plan?,"<start> there are a lot of things you can't control. you can't control what happens next, how governments respond, or how your neighbours react to the pandemic. <end>",need plan
2556017,what is hoarding disorder?,<start> mental health topic support and care can help. <end>,hoarding disorder
2564689,what are common signs of menopause and mood?,"<start> watch for changes in mood, behavior, or function. <end>",common sign menopause mood
2571945,what are common signs of phobias?,"<start> restlessness, racing thoughts, tension, avoidance. <end>",common sign phobia
2582524,how is procrastination treated?,<start> consult a professional treatments exist. <end>,procrastination treated
2612846,how can i see a psychiatrist?,"<start> a psychiatrist is a specialist doctor. in bc, you need to ask your doctor for a referral. <end>",see psychiatrist
2622631,how is tourette syndrome treated?,<start> consult a professional treatments exist. <end>,tourette syndrome treated
2626229,when should i get help for motivation?,"<start> seek help if symptoms persist, worsen, or disrupt daily life. <end>",get help motivation
2642635,when should i get help for microbiome and mood?,"<start> seek help if symptoms persist, worsen, or disrupt daily life. <end>",get help microbiome mood
2651177,what is fandom stress?,<start> excessive worry or fear that disrupts life. <end>,fandom stress
2677407,what is anger management?,<start> mental health topic support and care can help. <end>,anger management
2694522,what are common signs of mindfulness?,<start> n a. <end>,common sign mindfulness
2714803,can body dysmorphic disorder improve with treatment?,<start> yes. with proper care many people improve. <end>,body dysmorphic disorder improve treatment
2719583,what are common signs of adhd?,"<start> distractible, forgetful, restless. <end>",common sign adhd
2724590,what is supporting a partner?,"<start> offer empathy, listen, and encourage professional help. <end>",supporting partner
2737893,how is first therapy session treated?,<start> find a trained provider many effective styles. <end>,first therapy session treated
2746837,an adult in my life seems ill and won t find help. what can i do?,"<start> it s difficult when an adult child, sibling, parent, friend, co worker, or other important person is struggling or behaving in ways that are causing harm. <end>",adult life seems ill find help
2785277,how is vr therapy treated?,<start> find a trained provider many effective styles. <end>,vr therapy treated
2795765,what are common signs of medication adherence?,"<start> watch for changes in mood, behavior, or function. <end>",common sign medication adherence
2813543,what is tms?,<start> mental health topic support and care can help. <end>,tm
2818692,can nicotine and mood improve with treatment?,<start> yes. with proper care many people improve. <end>,nicotine mood improve treatment
2833230,can dance therapy improve with treatment?,<start> yes. with proper care many people improve. <end>,dance therapy improve treatment
2839607,when should i get help for intensive outpatient program?,"<start> seek help if symptoms persist, worsen, or disrupt daily life. <end>",get help intensive outpatient program
2867825,what is depression?,"<start> persistent low mood, loss of interest help is available. <end>",depression
2871534,how is supporting a student treated?,<start> ask how to help connect to services. <end>,supporting student treated
2876828,can habit building improve with treatment?,<start> yes. with proper care many people improve. <end>,habit building improve treatment
2876932,what is recovery planning?,<start> mental health topic support and care can help. <end>,recovery planning
2884887,how can i take care of my physical health?,<start> taking care of your physical health is also good for your mental health. it's more important than ever to keep yourself healthy. <end>,take care physical health
2903196,where can i find more information about depression?,"<start> our info sheets on mood disorders, bipolar disorder, and depression offer information on mood problems, treatment options, and resources in bc. <end>",find information depression
2921859,can supporting a friend improve with treatment?,<start> yes. with proper care many people improve. <end>,supporting friend improve treatment
2935113,can nutrition supplements mood improve with treatment?,<start> yes. with proper care many people improve. <end>,nutrition supplement mood improve treatment
2936571,what is medication side effects?,<start> mental health topic support and care can help. <end>,medication side effect
2940214,what is religion and mental health?,<start> mental health topic support and care can help. <end>,religion mental health
2973656,how do i know if i m unwell?,"<start> if your beliefs , thoughts , feelings or behaviours have a significant impact on your ability to function in what might be considered a normal or ordinary way,. <end>",know unwell
3011363,what is hoarding disorder?,<start> mental health topic support and care can help. <end>,hoarding disorder
3030113,what is religion and mental health?,<start> mental health topic support and care can help. <end>,religion mental health
3055896,someone i love has been diagnosed with schizophrenia. how can i help?,<start> we naturally want to help a loved one who isn t feeling well. <end>,someone love diagnosed schizophrenia help
3090865,can urban stress improve with treatment?,<start> yes. with proper care many people improve. <end>,urban stress improve treatment
3094235,can hiv and mental health improve with treatment?,<start> yes. with proper care many people improve. <end>,hiv mental health improve treatment
3109911,what is after hospitalization follow up?,<start> mental health topic support and care can help. <end>,hospitalization follow
3138181,how is legal rights in treatment treated?,<start> consult a professional treatments exist. <end>,legal right treatment treated
3154051,what are common signs of medication refill planning?,"<start> watch for changes in mood, behavior, or function. <end>",common sign medication refill planning
3166337,how can i see a psychologist?,"<start> to find a registered psychologist, visit the bc psychological association. you can make an appointment on your own. <end>",see psychologist
3194789,can cyberbullying improve with treatment?,<start> yes. with proper care many people improve. <end>,cyberbullying improve treatment
3195773,when should i get help for men's mental health?,"<start> seek help if symptoms persist, worsen, or disrupt daily life. <end>",get help men mental health
3219824,what are common signs of news related stress?,"<start> restlessness, racing thoughts, tension, avoidance. <end>",common sign news related stress
3221856,what is the evidence on vaping?,"<start> vaping is the term for using a device where liquids, often flavoured, are turned into vapour hence, vaping and inhaled. <end>",evidence vaping
3222252,what is acceptance and commitment therapy?,<start> structured talk based help for mental health concerns. <end>,acceptance commitment therapy
3253031,when should i get help for what to expect in therapy?,"<start> seek help if symptoms persist, worsen, or disrupt daily life. <end>",get help expect therapy
3268009,where can i learn about types of mental health treatment?,"<start> mental health conditions are often treated with medication, therapy or a combination of the two. <end>",learn type mental health treatment
3284724,how do i apply for income assistance?,"<start> provincial income assistance has three income levels basic assistance also called welfare , persons with disabilities benefits pwd , and the persons with. <end>",apply income assistance
3320821,when should i get help for coping skills?,"<start> seek help if symptoms persist, worsen, or disrupt daily life. <end>",get help coping skill
3340726,what are the different types of mental health professionals?,<start> there are many types of mental health professionals. finding the right one for you may require some research. <end>,different type mental health professional
3341057,what is ocd?,<start> obsessions and compulsions that feel hard to control. <end>,ocd
3342608,what are common signs of couples therapy?,<start> n a. <end>,common sign couple therapy
3351868,what is travel and mental health?,<start> mental health topic support and care can help. <end>,travel mental health
3388962,what should i know before starting a new medication?,<start> the best source of information regarding medications is the physician prescribing them. <end>,know starting new medication
3393534,someone i care about has a brain injury. where can i find more information?,"<start> a brain injury itself isn t the same as a mental illness, though someone who experiences a brain injury may also experience mental health problems. <end>",someone care brain injury find information
3396987,can emdr improve with treatment?,<start> yes. with proper care many people improve. <end>,emdr improve treatment
3484601,what is case management?,<start> mental health topic support and care can help. <end>,case management
3500715,how is partial hospitalization treated?,<start> consult a professional treatments exist. <end>,partial hospitalization treated
3564217,what are common signs of ect?,"<start> watch for changes in mood, behavior, or function. <end>",common sign ect
3564251,can peer support improve with treatment?,<start> yes. with proper care many people improve. <end>,peer support improve treatment
3592974,when should i get help for mental health first aid?,"<start> seek help if symptoms persist, worsen, or disrupt daily life. <end>",get help mental health first aid
3597059,can eating disorders improve with treatment?,<start> yes. with proper care many people improve. <end>,eating disorder improve treatment
3597720,how can i reframe the situation and find more balanced perspectives?,<start> how you think about something impacts your feelings and your behaviours. <end>,reframe situation find balanced perspective
3607983,how is stopping medication safely treated?,<start> consult a professional treatments exist. <end>,stopping medication safely treated
3608513,what are common signs of opioid use disorder?,"<start> cravings, loss of control, withdrawal. <end>",common sign opioid use disorder
3641282,what are common signs of self harm?,"<start> talk of death, giving away items, self injury. <end>",common sign self harm
3646552,what are common signs of support groups?,"<start> watch for changes in mood, behavior, or function. <end>",common sign support group
3653446,what is safety plan?,<start> mental health topic support and care can help. <end>,safety plan
3670896,can ketamine treatment improve with treatment?,<start> yes. with proper care many people improve. <end>,ketamine treatment improve treatment
3678638,how is suicidal thoughts treated?,<start> immediate crisis support professional care. <end>,suicidal thought treated
3684052,what is case management?,<start> mental health topic support and care can help. <end>,case management
3710343,when should i get help for sleep hygiene?,"<start> seek help if symptoms persist, worsen, or disrupt daily life. <end>",get help sleep hygiene
3710895,what are common signs of self esteem?,"<start> watch for changes in mood, behavior, or function. <end>",common sign self esteem
3726327,what is safety plan?,<start> mental health topic support and care can help. <end>,safety plan
3728882,what are common signs of medication management?,"<start> watch for changes in mood, behavior, or function. <end>",common sign medication management
3741438,what is cost of mental health care?,<start> mental health topic support and care can help. <end>,cost mental health care
3762152,what is depression?,"<start> persistent low mood, loss of interest help is available. <end>",depression
3770370,when should i get help for genetic testing for meds?,"<start> seek help if symptoms persist, worsen, or disrupt daily life. <end>",get help genetic testing med
3790237,when should i get help for andropause mental health?,"<start> seek help if symptoms persist, worsen, or disrupt daily life. <end>",get help andropause mental health
3839472,someone i love has been diagnosed with depression. how can i help?,<start> we naturally want to help a loved one who isn t feeling well. <end>,someone love diagnosed depression help
3871230,how is crisis line treated?,<start> consult a professional treatments exist. <end>,crisis line treated
3970445,what are common signs of de escalation skills?,"<start> watch for changes in mood, behavior, or function. <end>",common sign de escalation skill
3995870,what are common signs of omega 3 and depression?,"<start> low mood 2 weeks, sleep appetite changes, low energy. <end>",common sign omega depression
3997281,what is data privacy in mental health apps?,<start> mental health topic support and care can help. <end>,data privacy mental health apps
4009172,can ai chatbots and mental health improve with treatment?,<start> yes. with proper care many people improve. <end>,ai chatbots mental health improve treatment
4031860,where can i go to find other local services?,<start> there are likely plenty of resources that can be used to help you find mental health treatment in your community. <end>,go find local service
4078418,how is shift work sleep treated?,"<start> sleep hygiene, cbt i, meds short term. <end>",shift work sleep treated
4117625,what is alcohol use disorder?,<start> problem use of substances despite harm. <end>,alcohol use disorder
4134858,how can i manage grief?,"<start> while a lot of people think of grief in terms of losing a person or pet, grief can come up whenever you lose something important. <end>",manage grief
4181750,how can i tell if health information is good or bad?,"<start> anyone can post anything online. it's up to the readers to think critically about information to decide if it seems helpful, truthful, or safe. <end>",tell health information good bad
4185957,what is substance use disorder?,<start> problem use of substances despite harm. <end>,substance use disorder
4188992,how is language barriers to care treated?,<start> consult a professional treatments exist. <end>,language barrier care treated
4191175,how is nature therapy treated?,<start> find a trained provider many effective styles. <end>,nature therapy treated
4194548,what are common signs of test taking stress?,"<start> restlessness, racing thoughts, tension, avoidance. <end>",common sign test taking stress
4194958,what do i do if the support doesn t help?,"<start> it can be difficult to find the things that will help you, as different things help different people. <end>",support help
4197817,where else can i get help?,"<start> family member, friend, clergy, healthcare provider, or other professionals. <end>",else get help
4200873,i m a young person and one of my parents has a mental illness. what can i do?,"<start> someone else s illness is not your fault. you also can t control how someone else feels, their illness, or the things they do or say. <end>",young person one parent mental illness
4211025,where can i go to find inpatient care?,"<start> inpatient care can help people stabilize on new medications, adjust to new symptoms, or get the help they need. <end>",go find inpatient care
4214348,what are common signs of equine therapy?,<start> n a. <end>,common sign equine therapy
4226067,can women's mental health improve with treatment?,<start> yes. with proper care many people improve. <end>,womens mental health improve treatment
4240180,how is housing insecurity mental health treated?,<start> consult a professional treatments exist. <end>,housing insecurity mental health treated
4283807,what causes mental health problems?,"<start> challenges or problems with your mental health can arise from psychological, biological, and social, issues, as well as life events. <end>",cause mental health problem
4294616,how can i find help for an alcohol or drug use problem?,<start> seeking to make changes in the way you use substances like alcohol or other drugs? this can be an important step! <end>,find help alcohol drug use problem
4305700,when should i get help for sexual assault trauma?,"<start> seek help if symptoms persist, worsen, or disrupt daily life. <end>",get help sexual assault trauma
4335942,what are common signs of seasonal affective disorder?,"<start> watch for changes in mood, behavior, or function. <end>",common sign seasonal affective disorder
4337174,what is tms?,<start> mental health topic support and care can help. <end>,tm
4348276,what is positive psychology?,<start> mental health topic support and care can help. <end>,positive psychology
4352464,how can i convince my kids not to use drugs?,<start> you can't. but you can influence their capacity to make good choices in a world where alcohol and other drugs are available. <end>,convince kid use drug
4373204,how do i know if i'm drinking too much?,<start> sorting out if you are drinking too much can be complicated. you are unique and your relationship with alcohol is unique. <end>,know im drinking much
4374754,when should i get help for caffeine and anxiety?,"<start> seek help if symptoms persist, worsen, or disrupt daily life. <end>",get help caffeine anxiety
4415796,how is screen time and mood treated?,<start> consult a professional treatments exist. <end>,screen time mood treated
4426900,when should i get help for chronic pain and mental health?,"<start> seek help if symptoms persist, worsen, or disrupt daily life. <end>",get help chronic pain mental health
4514944,can teletherapy improve with treatment?,<start> yes. with proper care many people improve. <end>,teletherapy improve treatment
4524499,when should i get help for talking to parents about mental health?,"<start> seek help if symptoms persist, worsen, or disrupt daily life. <end>",get help talking parent mental health
4533779,what is sleep and mental health?,<start> trouble falling or staying asleep that impairs functioning. <end>,sleep mental health
4539704,when should i get help for social media and mental health?,"<start> seek help if symptoms persist, worsen, or disrupt daily life. <end>",get help social medium mental health
4553384,how is probiotics and mood treated?,<start> consult a professional treatments exist. <end>,probiotic mood treated
4567281,what is journaling?,<start> mental health topic support and care can help. <end>,journaling
4576135,how is meditation treated?,<start> practice brief daily sessions apps help. <end>,meditation treated
4586084,how is new parent stress treated?,"<start> therapy, skills practice, sometimes medication. <end>",new parent stress treated
4594297,what is doomscrolling?,<start> mental health topic support and care can help. <end>,doomscrolling
4612365,how is gambling disorder treated?,<start> consult a professional treatments exist. <end>,gambling disorder treated
4652414,how is panic disorder treated?,"<start> therapy, skills practice, sometimes medication. <end>",panic disorder treated
4668136,how is panic disorder treated?,"<start> therapy, skills practice, sometimes medication. <end>",panic disorder treated
4679591,how is resilience treated?,<start> consult a professional treatments exist. <end>,resilience treated
4684531,can privacy in therapy improve with treatment?,<start> yes. with proper care many people improve. <end>,privacy therapy improve treatment
4694634,how is domestic violence effects treated?,<start> consult a professional treatments exist. <end>,domestic violence effect treated
4698379,when should i get help for stress?,"<start> seek help if symptoms persist, worsen, or disrupt daily life. <end>",get help stress
4731818,can gratitude practice improve with treatment?,<start> yes. with proper care many people improve. <end>,gratitude practice improve treatment
4740036,what is time management stress?,<start> excessive worry or fear that disrupts life. <end>,time management stress
4744854,can ptsd improve with treatment?,<start> yes. with proper care many people improve. <end>,ptsd improve treatment
4759773,what should i do if i m worried about a friend or relative?,<start> this may depend on your relationship with them. gently encouraging someone to seek appropriate support would be helpful to start with. <end>,worried friend relative
4769795,how is language barriers to care treated?,<start> consult a professional treatments exist. <end>,language barrier care treated
4816493,where can i find information and help for borderline personality disorder?,<start> borderline personality disorder or bpd is a treatable illness. <end>,find information help borderline personality disorder
4818418,can habit building improve with treatment?,<start> yes. with proper care many people improve. <end>,habit building improve treatment
4823498,how is workplace stress treated?,"<start> therapy, skills practice, sometimes medication. <end>",workplace stress treated
4824231,what s the difference between substance use and addiction?,<start> people tend to use the word addiction to mean very different things. i am addicted to shopping might mean only that the speaker likes to shop. <end>,difference substance use addiction
4841005,what are common signs of minority stress?,"<start> restlessness, racing thoughts, tension, avoidance. <end>",common sign minority stress
4842788,how is stopping medication safely treated?,<start> consult a professional treatments exist. <end>,stopping medication safely treated
4860684,what are common signs of war trauma in children?,"<start> flashbacks, avoidance, hyperarousal. <end>",common sign war trauma child
4893447,what s the difference between anxiety and an anxiety disorder?,<start> anxiety is a normal reaction to many different kinds of events and situations in our lives. <end>,difference anxiety anxiety disorder
4903402,when should i get help for generalized anxiety disorder?,"<start> seek help if symptoms persist, worsen, or disrupt daily life. <end>",get help generalized anxiety disorder
4905582,what is anger management?,<start> mental health topic support and care can help. <end>,anger management
4925221,what's the difference between antidepressants?,"<start> there are many different types of antidepressant medications, and they each work in different ways. <end>",whats difference antidepressant
4946066,when should i get help for internet addiction?,"<start> seek help if symptoms persist, worsen, or disrupt daily life. <end>",get help internet addiction
4962901,what is a prodrome?,<start> prodrome is a medical term for early signs or symptoms of an illness or health problem that appear before the major signs or symptoms start. <end>,prodrome
4965789,how is pms mood changes treated?,<start> consult a professional treatments exist. <end>,pm mood change treated
4971793,can warning signs of crisis improve with treatment?,<start> yes. with proper care many people improve. <end>,warning sign crisis improve treatment
4993055,how is climate anxiety treated?,"<start> therapy, skills practice, sometimes medication. <end>",climate anxiety treated
5004485,what is diabetes and mental health?,<start> mental health topic support and care can help. <end>,diabetes mental health
5017343,how is housing insecurity mental health treated?,<start> consult a professional treatments exist. <end>,housing insecurity mental health treated
5041154,can natural disaster trauma improve with treatment?,<start> yes. with proper care many people improve. <end>,natural disaster trauma improve treatment
5076817,when should i get help for perfectionism?,"<start> seek help if symptoms persist, worsen, or disrupt daily life. <end>",get help perfectionism
5098412,when should i get help for therapy vs counseling?,"<start> seek help if symptoms persist, worsen, or disrupt daily life. <end>",get help therapy v counseling
5107245,can insurance coverage improve with treatment?,<start> yes. with proper care many people improve. <end>,insurance coverage improve treatment
5108603,when should i get help for schizophrenia?,"<start> seek help if symptoms persist, worsen, or disrupt daily life. <end>",get help schizophrenia
5130808,what are common signs of tic disorders?,"<start> watch for changes in mood, behavior, or function. <end>",common sign tic disorder
5137722,how is school counselor treated?,<start> find a trained provider many effective styles. <end>,school counselor treated
5159166,what are common signs of cultural stigma?,"<start> watch for changes in mood, behavior, or function. <end>",common sign cultural stigma
5163555,how is vr therapy treated?,<start> find a trained provider many effective styles. <end>,vr therapy treated
5171761,what is animal assisted therapy?,<start> structured talk based help for mental health concerns. <end>,animal assisted therapy
5186414,can supporting a friend improve with treatment?,<start> yes. with proper care many people improve. <end>,supporting friend improve treatment
5191056,what is hydration and brain function?,<start> mental health topic support and care can help. <end>,hydration brain function
5213115,what are common signs of breathing exercises?,"<start> watch for changes in mood, behavior, or function. <end>",common sign breathing exercise
5215843,where can i learn more information about clinical trials?,"<start> sometimes, consumers of mental health services may consider participating in a research study when they have not experienced improvement despite having tried a. <end>",learn information clinical trial
5218028,how is talking to kids about mental health treated?,<start> ask how to help connect to services. <end>,talking kid mental health treated
5273534,when should i get help for interpreters in therapy?,"<start> seek help if symptoms persist, worsen, or disrupt daily life. <end>",get help interpreter therapy
5343181,"if i feel better after taking medication, does this mean i am cured and can stop taking it?",<start> create a plan for switching to a different treatment that will be a better fit. <end>,feel better taking medication mean cured stop taking
5374922,how is traumatic brain injury treated?,<start> trauma focused therapy meds if needed. <end>,traumatic brain injury treated
5382463,what is vitamin d and mood?,<start> mental health topic support and care can help. <end>,vitamin mood
5394880,what is body image?,<start> mental health topic support and care can help. <end>,body image
5408072,when should i get help for bullying and mental health?,"<start> seek help if symptoms persist, worsen, or disrupt daily life. <end>",get help bullying mental health
5418934,when should i get help for text vs call crisis help?,"<start> seek help if symptoms persist, worsen, or disrupt daily life. <end>",get help text v call crisis help
5428914,when should i get help for social media and mental health?,"<start> seek help if symptoms persist, worsen, or disrupt daily life. <end>",get help social medium mental health
5437001,can privacy in therapy improve with treatment?,<start> yes. with proper care many people improve. <end>,privacy therapy improve treatment
5437923,what is learning disabilities?,<start> mental health topic support and care can help. <end>,learning disability
5443951,what is family therapy?,<start> structured talk based help for mental health concerns. <end>,family therapy
5446912,can nutrition supplements mood improve with treatment?,<start> yes. with proper care many people improve. <end>,nutrition supplement mood improve treatment
5449324,can dialectical behavior therapy improve with treatment?,<start> yes. with proper care many people improve. <end>,dialectical behavior therapy improve treatment
5449368,can ptsd improve with treatment?,<start> yes. with proper care many people improve. <end>,ptsd improve treatment
5453786,how is probiotics and mood treated?,<start> consult a professional treatments exist. <end>,probiotic mood treated
5456272,what are common signs of heart disease and mental health?,"<start> watch for changes in mood, behavior, or function. <end>",common sign heart disease mental health
5476257,when should i get help for psychedelic therapy?,"<start> seek help if symptoms persist, worsen, or disrupt daily life. <end>",get help psychedelic therapy
5476583,what is supporting a partner?,"<start> offer empathy, listen, and encourage professional help. <end>",supporting partner
5479144,what is group therapy?,<start> structured talk based help for mental health concerns. <end>,group therapy
5491946,what are common signs of diet and mental health?,"<start> watch for changes in mood, behavior, or function. <end>",common sign diet mental health
5528972,when should i get help for what to expect in therapy?,"<start> seek help if symptoms persist, worsen, or disrupt daily life. <end>",get help expect therapy
5569244,when should i get help for combining meds and therapy?,"<start> seek help if symptoms persist, worsen, or disrupt daily life. <end>",get help combining med therapy
5614226,how is bipolar disorder treated?,<start> mood stabilizers therapy routine. <end>,bipolar disorder treated
5640861,i m worried about my child or teenager. where can i find help?,<start> it can be hard to figure out what to do if you re concerned about a young person in your family. many people start by talking with their family doctor. <end>,worried child teenager find help
5641923,what is family therapy?,<start> structured talk based help for mental health concerns. <end>,family therapy
5661907,what is alcohol use disorder?,<start> problem use of substances despite harm. <end>,alcohol use disorder
5663623,when should i get help for cognitive behavioral therapy?,"<start> seek help if symptoms persist, worsen, or disrupt daily life. <end>",get help cognitive behavioral therapy
5667265,what is insomnia?,<start> trouble falling or staying asleep that impairs functioning. <end>,insomnia
5672073,when should i get help for eco grief?,"<start> seek help if symptoms persist, worsen, or disrupt daily life. <end>",get help eco grief
5673212,when should i get help for nutrition in college?,"<start> seek help if symptoms persist, worsen, or disrupt daily life. <end>",get help nutrition college
5674183,what is pandemic mental health?,<start> mental health topic support and care can help. <end>,pandemic mental health
5682940,how is aging and mental health treated?,<start> consult a professional treatments exist. <end>,aging mental health treated
5727085,can exercise and mood improve with treatment?,<start> yes. with proper care many people improve. <end>,exercise mood improve treatment
5778437,how can i get help paying for my medication?,<start> visit healthfinder.gov to learn more. <end>,get help paying medication
5781295,what is group therapy?,<start> structured talk based help for mental health concerns. <end>,group therapy
5785687,what are common signs of adhd?,"<start> distractible, forgetful, restless. <end>",common sign adhd
5819325,what does rapid cycling mean?,<start> rapid cycling means that someone diagnosed with bipolar disorder or depression experiences four or more episodes of depression and or mania in one year. <end>,rapid cycling mean
5855124,when should i get help for caregiver stress?,"<start> seek help if symptoms persist, worsen, or disrupt daily life. <end>",get help caregiver stress
5918715,how is cancer and mental health treated?,<start> consult a professional treatments exist. <end>,cancer mental health treated
5924115,when should i get help for mental health first aid?,"<start> seek help if symptoms persist, worsen, or disrupt daily life. <end>",get help mental health first aid
5977931,what are common signs of phobias?,"<start> restlessness, racing thoughts, tension, avoidance. <end>",common sign phobia
5981663,what is msp?,"<start> msp stands for medical services plan. it s a health insurance program managed by the government for people who live in british columbia, canada. <end>",msp
6007072,when should i get help for psychedelic therapy?,"<start> seek help if symptoms persist, worsen, or disrupt daily life. <end>",get help psychedelic therapy
6022741,what are common signs of finding a therapist?,"<start> watch for changes in mood, behavior, or function. <end>",common sign finding therapist
6033115,can women's mental health improve with treatment?,<start> yes. with proper care many people improve. <end>,womens mental health improve treatment
6038571,what is noise and mental health?,<start> mental health topic support and care can help. <end>,noise mental health
6062232,what's the difference between sadness and depression?,"<start> sadness is a normal reaction to a loss, disappointment, problems, or other difficult situations. <end>",whats difference sadness depression
6075395,when should i get help for confidentiality?,"<start> seek help if symptoms persist, worsen, or disrupt daily life. <end>",get help confidentiality
6085633,what's the difference between psychosis and schizophrenia?,<start> psychosis is a syndrome or group of symptoms. someone experiencing an episode of psychosis is having a break with reality. <end>,whats difference psychosis schizophrenia
6120253,when should i get help for goal setting?,"<start> seek help if symptoms persist, worsen, or disrupt daily life. <end>",get help goal setting
6159230,what are common signs of financial stress?,"<start> restlessness, racing thoughts, tension, avoidance. <end>",common sign financial stress
6167248,when is substance use a problem? where can i go for help?,"<start> each person has a different relationship with substances like alcohol and other drugs, and people use substances for different reasons. <end>",substance use problem go help
6171716,can disability benefits improve with treatment?,<start> yes. with proper care many people improve. <end>,disability benefit improve treatment
6188935,how is climate anxiety treated?,"<start> therapy, skills practice, sometimes medication. <end>",climate anxiety treated
6229731,can nicotine and mood improve with treatment?,<start> yes. with proper care many people improve. <end>,nicotine mood improve treatment
6261415,what is postpartum depression?,"<start> persistent low mood, loss of interest help is available. <end>",postpartum depression
6262632,how is nootropic supplements treated?,<start> consult a professional treatments exist. <end>,nootropic supplement treated
6266630,when should i get help for rural mental health access?,"<start> seek help if symptoms persist, worsen, or disrupt daily life. <end>",get help rural mental health access
6271130,can hiv and mental health improve with treatment?,<start> yes. with proper care many people improve. <end>,hiv mental health improve treatment
6279418,can mental health apps improve with treatment?,<start> yes. with proper care many people improve. <end>,mental health apps improve treatment
6292423,can exercise and mood improve with treatment?,<start> yes. with proper care many people improve. <end>,exercise mood improve treatment
6304573,what are common signs of student mental health?,"<start> watch for changes in mood, behavior, or function. <end>",common sign student mental health
6307805,what are common signs of intellectual disability?,"<start> watch for changes in mood, behavior, or function. <end>",common sign intellectual disability
6438436,what are common signs of self compassion?,"<start> watch for changes in mood, behavior, or function. <end>",common sign self compassion
6440561,what is medication side effects?,<start> mental health topic support and care can help. <end>,medication side effect
6507321,can natural disaster trauma improve with treatment?,<start> yes. with proper care many people improve. <end>,natural disaster trauma improve treatment
6521784,what is the legal status and evidence of cbd oil?,<start> cannabidiol or cbd is a naturally occurring component of cannabis. it is extracted from the cannabis plant and often made into an oil for use. <end>,legal status evidence cbd oil
6539837,how is intersectionality mental health treated?,<start> consult a professional treatments exist. <end>,intersectionality mental health treated
6543670,can urban stress improve with treatment?,<start> yes. with proper care many people improve. <end>,urban stress improve treatment
6555772,how is lab tests for psych meds treated?,<start> consult a professional treatments exist. <end>,lab test psych med treated
6573147,what is data privacy in mental health apps?,<start> mental health topic support and care can help. <end>,data privacy mental health apps
6596150,when should i get help for bullying and mental health?,"<start> seek help if symptoms persist, worsen, or disrupt daily life. <end>",get help bullying mental health
6623577,what is a referral?,"<start> a referral means someone recommends you to another service. in health care, it usually means a request from your doctor to see a specialist like a psychiatrist. <end>",referral
6647119,when should i get help for internet addiction?,"<start> seek help if symptoms persist, worsen, or disrupt daily life. <end>",get help internet addiction
6672134,can immigrant mental health improve with treatment?,<start> yes. with proper care many people improve. <end>,immigrant mental health improve treatment
6692553,when should i get help for music therapy?,"<start> seek help if symptoms persist, worsen, or disrupt daily life. <end>",get help music therapy
6707197,what are common signs of supporting an employee?,<start> n a. <end>,common sign supporting employee
6708456,can dementia improve with treatment?,<start> yes. with proper care many people improve. <end>,dementia improve treatment
6752576,what are common signs of diet and mental health?,"<start> watch for changes in mood, behavior, or function. <end>",common sign diet mental health
6770619,can oppositional defiant disorder improve with treatment?,<start> yes. with proper care many people improve. <end>,oppositional defiant disorder improve treatment
6779222,where can i find free or low cost counselling?,<start> mental health services like counselling or therapy may be covered by your bc medical services plan msp when you access the service through a hospital or. <end>,find free low cost counselling
6799667,what are common signs of psychedelics risks?,"<start> watch for changes in mood, behavior, or function. <end>",common sign psychedelics risk
6851366,what's the difference between a psychiatrist and a registered psychologist?,<start> a psychiatrist is a medical doctor with extra training in mental health who can choose to prescribe medications. <end>,whats difference psychiatrist registered psychologist
6855396,what are common signs of medication management?,"<start> watch for changes in mood, behavior, or function. <end>",common sign medication management
6866294,how is values work treated?,<start> consult a professional treatments exist. <end>,value work treated
6869967,i m an adult and i think i might have adhd. what can i do next?,"<start> while we think of attention deficit hyperactivity disorder as an illness that affects children, it can last into adulthood and some people aren t diagnosed. <end>",adult think might adhd next
6891254,when should i get help for retirement adjustment?,"<start> seek help if symptoms persist, worsen, or disrupt daily life. <end>",get help retirement adjustment
6933742,what are common signs of supporting an employee?,<start> n a. <end>,common sign supporting employee
6944126,what is gaming and mental health?,<start> mental health topic support and care can help. <end>,gaming mental health
6960453,when should i get help for therapy vs counseling?,"<start> seek help if symptoms persist, worsen, or disrupt daily life. <end>",get help therapy v counseling
6981545,where can i find self help materials for depression?,<start> self help resources are not a substitute for diagnosis or treatment. <end>,find self help material depression
7003042,how is talking to kids about mental health treated?,<start> ask how to help connect to services. <end>,talking kid mental health treated
7009409,how can i see a counsellor?,<start> you can find directories of counsellors through their professional organizations. <end>,see counsellor
7022674,when should i get help for conduct disorder?,"<start> seek help if symptoms persist, worsen, or disrupt daily life. <end>",get help conduct disorder
7067228,when should i get help for men's mental health?,"<start> seek help if symptoms persist, worsen, or disrupt daily life. <end>",get help men mental health
7069853,why do i need to keep informed?,"<start> it may be tempting to try to block out the world altogether to avoid bad news, but it's important to keep yourself informed. <end>",need keep informed
7073292,what are common signs of self esteem?,"<start> watch for changes in mood, behavior, or function. <end>",common sign self esteem
7089806,what is time management stress?,<start> excessive worry or fear that disrupts life. <end>,time management stress
7110622,can human trafficking trauma improve with treatment?,<start> yes. with proper care many people improve. <end>,human trafficking trauma improve treatment
7117837,what is return to work after illness?,<start> mental health topic support and care can help. <end>,return work illness
7120868,what is acceptance and commitment therapy?,<start> structured talk based help for mental health concerns. <end>,acceptance commitment therapy
7194416,can peer support improve with treatment?,<start> yes. with proper care many people improve. <end>,peer support improve treatment
7199635,can teletherapy improve with treatment?,<start> yes. with proper care many people improve. <end>,teletherapy improve treatment
7210606,how is psychiatrist vs psychologist treated?,<start> consult a professional treatments exist. <end>,psychiatrist v psychologist treated
7264956,what are common signs of psychedelics risks?,"<start> watch for changes in mood, behavior, or function. <end>",common sign psychedelics risk
7273233,how is light therapy treated?,<start> find a trained provider many effective styles. <end>,light therapy treated
7350753,what is diabetes and mental health?,<start> mental health topic support and care can help. <end>,diabetes mental health
7358113,what are common signs of anxiety?,"<start> restlessness, racing thoughts, tension, avoidance. <end>",common sign anxiety
7366205,how is first therapy session treated?,<start> find a trained provider many effective styles. <end>,first therapy session treated
7374122,what are common signs of tic disorders?,"<start> watch for changes in mood, behavior, or function. <end>",common sign tic disorder
7377459,how is meditation treated?,<start> practice brief daily sessions apps help. <end>,meditation treated
7402509,can disability benefits improve with treatment?,<start> yes. with proper care many people improve. <end>,disability benefit improve treatment
7417985,what are common signs of ect?,"<start> watch for changes in mood, behavior, or function. <end>",common sign ect
7455324,when should i get help for workplace accommodations?,"<start> seek help if symptoms persist, worsen, or disrupt daily life. <end>",get help workplace accommodation
7462506,what are common signs of cultural stigma?,"<start> watch for changes in mood, behavior, or function. <end>",common sign cultural stigma
7535002,how can i challenge thinking traps?,<start> what you tell yourself about a situation affects how you feel and what you do. <end>,challenge thinking trap
7550190,when should i get help for schizophrenia?,"<start> seek help if symptoms persist, worsen, or disrupt daily life. <end>",get help schizophrenia
7637601,how is grounding techniques treated?,<start> consult a professional treatments exist. <end>,grounding technique treated
7640184,how is cancer and mental health treated?,<start> consult a professional treatments exist. <end>,cancer mental health treated
7657263,can people with mental illness recover?,"<start> when healing from mental illness, early identification and treatment are of vital importance. <end>",people mental illness recover
7685149,when should i get help for trauma after violence?,"<start> seek help if symptoms persist, worsen, or disrupt daily life. <end>",get help trauma violence
7693979,what is cannabis and mental health?,<start> mental health topic support and care can help. <end>,cannabis mental health
7700828,what is body image?,<start> mental health topic support and care can help. <end>,body image
7705490,what is after hospitalization follow up?,<start> mental health topic support and care can help. <end>,hospitalization follow
7728339,when should i get help for toddler parenting stress?,"<start> seek help if symptoms persist, worsen, or disrupt daily life. <end>",get help toddler parenting stress
7728364,what is mental health?,"<start> we all have mental health which is made up of our beliefs, thoughts, feelings and behaviours. <end>",mental health
7730428,what is sleep and mental health?,<start> trouble falling or staying asleep that impairs functioning. <end>,sleep mental health
7754864,how is art therapy treated?,<start> find a trained provider many effective styles. <end>,art therapy treated
7760466,what is the difference between mental health professionals?,<start> there are many types of mental health professionals. the variety of providers and their services may be confusing. <end>,difference mental health professional
7774229,can body dysmorphic disorder improve with treatment?,<start> yes. with proper care many people improve. <end>,body dysmorphic disorder improve treatment
7807643,"if cannabis is dangerous, why are we legalizing it?","<start> cannabis smoke, for example, contains cancer causing toxins. <end>",cannabis dangerous legalizing
7817881,how is supporting a student treated?,<start> ask how to help connect to services. <end>,supporting student treated
7818496,can fertility stress improve with treatment?,<start> yes. with proper care many people improve. <end>,fertility stress improve treatment
7829332,what is exam anxiety?,<start> excessive worry or fear that disrupts life. <end>,exam anxiety
7897151,how is creator burnout treated?,<start> consult a professional treatments exist. <end>,creator burnout treated
7907400,what are common signs of wearables and mood tracking?,"<start> watch for changes in mood, behavior, or function. <end>",common sign wearable mood tracking
7917152,how is when to call emergency services treated?,<start> consult a professional treatments exist. <end>,call emergency service treated
7984793,what s the difference between dissociative identity disorder multiple personality disorder and schizophrenia?,"<start> sometimes, people confuse dissociative identity disorder, formerly known as multiple personality disorder, and schizophrenia. <end>",difference dissociative identity disorder multiple personality disorder schizophrenia
7995219,what's the difference between mental health and mental illness?,"<start> mental health and mental illness are increasingly being used as if they mean the same thing, but they do not. <end>",whats difference mental health mental illness
8022026,what treatment options are available?,<start> different treatment options are available for individuals with mental illness. <end>,treatment option available
8033426,can oppositional defiant disorder improve with treatment?,<start> yes. with proper care many people improve. <end>,oppositional defiant disorder improve treatment
8038374,how is grief treated?,<start> consult a professional treatments exist. <end>,grief treated
8077999,what are common signs of jet lag and mood?,"<start> watch for changes in mood, behavior, or function. <end>",common sign jet lag mood
8078673,when should i get help for borderline personality disorder?,"<start> seek help if symptoms persist, worsen, or disrupt daily life. <end>",get help borderline personality disorder
8082668,what are common signs of community mental health centers?,"<start> watch for changes in mood, behavior, or function. <end>",common sign community mental health center
8090293,when should i get help for psychosis?,"<start> seek help if symptoms persist, worsen, or disrupt daily life. <end>",get help psychosis
8096887,how is autism treated?,<start> supportive therapies strength based approach. <end>,autism treated
8099076,what are common signs of omega 3 and depression?,"<start> low mood 2 weeks, sleep appetite changes, low energy. <end>",common sign omega depression
8106422,can emdr improve with treatment?,<start> yes. with proper care many people improve. <end>,emdr improve treatment
8106470,what are common signs of streaming stress?,"<start> restlessness, racing thoughts, tension, avoidance. <end>",common sign streaming stress
8175395,when should i get help for coping skills?,"<start> seek help if symptoms persist, worsen, or disrupt daily life. <end>",get help coping skill
8187926,can cyberbullying improve with treatment?,<start> yes. with proper care many people improve. <end>,cyberbullying improve treatment
8210624,what are common signs of community mental health centers?,"<start> watch for changes in mood, behavior, or function. <end>",common sign community mental health center
8231838,can study breaks and focus improve with treatment?,<start> yes. with proper care many people improve. <end>,study break focus improve treatment
8235969,what is lgbtq youth suicide risk?,<start> thoughts of ending life or hurting yourself need urgent help. <end>,lgbtq youth suicide risk
8290770,what is cannabis and mental health?,<start> mental health topic support and care can help. <end>,cannabis mental health
8294150,can warning signs of crisis improve with treatment?,<start> yes. with proper care many people improve. <end>,warning sign crisis improve treatment
8315831,what is refugee trauma?,<start> ongoing distress after trauma. <end>,refugee trauma
8321474,when should i get help for herbal remedies mood?,"<start> seek help if symptoms persist, worsen, or disrupt daily life. <end>",get help herbal remedy mood
8350099,how is nootropic supplements treated?,<start> consult a professional treatments exist. <end>,nootropic supplement treated
8351517,how is crisis line treated?,<start> consult a professional treatments exist. <end>,crisis line treated
8412769,how is resilience treated?,<start> consult a professional treatments exist. <end>,resilience treated
8434500,how is gut brain connection treated?,<start> consult a professional treatments exist. <end>,gut brain connection treated
8471978,i was prescribed an antidepressant or other psychiatric medication but i don t think it s working. what can i do?,"<start> if you re concerned about your medications, it s important to talk with the doctor or psychiatrist who prescribed your medications. <end>",prescribed antidepressant psychiatric medication think working
8526486,can blue spaces and mood improve with treatment?,<start> yes. with proper care many people improve. <end>,blue space mood improve treatment
8536477,can burnout improve with treatment?,<start> yes. with proper care many people improve. <end>,burnout improve treatment
8574680,can traditional healing and mental health improve with treatment?,<start> yes. with proper care many people improve. <end>,traditional healing mental health improve treatment
8606962,can dialectical behavior therapy improve with treatment?,<start> yes. with proper care many people improve. <end>,dialectical behavior therapy improve treatment
8612220,what are common signs of de escalation skills?,"<start> watch for changes in mood, behavior, or function. <end>",common sign de escalation skill
8612349,what's the difference between anxiety and stress?,"<start> stress and anxiety are often used interchangeably, and there is overlap between stress and anxiety. <end>",whats difference anxiety stress
8633773,what is ocd?,<start> obsessions and compulsions that feel hard to control. <end>,ocd
8670955,what is lgbtq mental health?,<start> mental health topic support and care can help. <end>,lgbtq mental health
8688755,can relationship counseling improve with treatment?,<start> yes. with proper care many people improve. <end>,relationship counseling improve treatment
8690253,what do i do if i m worried about my mental health?,"<start> the most important thing is to talk to someone you trust. this might be a friend, colleague, family member, or gp. <end>",worried mental health
8698256,when should i get help for exposure therapy?,"<start> seek help if symptoms persist, worsen, or disrupt daily life. <end>",get help exposure therapy
8707870,how is traumatic brain injury treated?,<start> trauma focused therapy meds if needed. <end>,traumatic brain injury treated
8722606,what are common signs of self compassion?,"<start> watch for changes in mood, behavior, or function. <end>",common sign self compassion
8755439,what are common signs of finding a therapist?,"<start> watch for changes in mood, behavior, or function. <end>",common sign finding therapist
8761611,can meal planning and mood improve with treatment?,<start> yes. with proper care many people improve. <end>,meal planning mood improve treatment
8835373,when should i get help for online harassment?,"<start> seek help if symptoms persist, worsen, or disrupt daily life. <end>",get help online harassment
8852574,what is return to work after illness?,<start> mental health topic support and care can help. <end>,return work illness
8896868,when should i get help for sleep hygiene?,"<start> seek help if symptoms persist, worsen, or disrupt daily life. <end>",get help sleep hygiene
8904276,are there cures for mental health problems?,<start> it is often more realistic and helpful to find out what helps with the issues you face. <end>,cure mental health problem
8927672,where can i learn more information about creating a psychiatric advance directive?,"<start> similar to a medical advance directive or a health care power of attorney, a psychiatric advance directive is a legal document completed in a time of wellness. <end>",learn information creating psychiatric advance directive
8930103,how is productivity guilt treated?,<start> consult a professional treatments exist. <end>,productivity guilt treated
8935169,can imposter syndrome improve with treatment?,<start> yes. with proper care many people improve. <end>,imposter syndrome improve treatment
8973915,how is lab tests for psych meds treated?,<start> consult a professional treatments exist. <end>,lab test psych med treated
8999183,when should i get help for stress?,"<start> seek help if symptoms persist, worsen, or disrupt daily life. <end>",get help stress
9020440,what is cyclothymic disorder?,<start> cyclothymic disorder is a subtype of bipolar disorder. <end>,cyclothymic disorder
9045344,what is dysthymia or persistent depressive disorder?,"<start> dysthymia, now called persistent depressive disorder or pdd, is a mood disorder. it is related depression major depressive disorder . <end>",dysthymia persistent depressive disorder
9049618,what is binge eating disorder?,<start> binge eating disorder or bed is a type of eating disorder. <end>,binge eating disorder
9075854,what are common signs of pregnancy mental health?,"<start> watch for changes in mood, behavior, or function. <end>",common sign pregnancy mental health
9100298,how can i maintain social connections? what if i feel lonely?,"<start> a lot of people are alone right now, but we don't have to be lonely. we're all in this together. <end>",maintain social connection feel lonely
9143903,can digital detox improve with treatment?,<start> yes. with proper care many people improve. <end>,digital detox improve treatment
9147706,what is infertility grief?,<start> mental health topic support and care can help. <end>,infertility grief
9153566,how is aging and mental health treated?,<start> consult a professional treatments exist. <end>,aging mental health treated
9164991,when should i get help for borderline personality disorder?,"<start> seek help if symptoms persist, worsen, or disrupt daily life. <end>",get help borderline personality disorder
9167296,what is obsessive compulsive personality disorder?,"<start> a personality disorder is a pattern of thoughts, feelings, and behaviours that last for a long time and causes some sort of problem or distress. <end>",obsessive compulsive personality disorder
9178453,what is schizoid personality disorder?,"<start> a personality disorder is a pattern of thoughts, feelings, and behaviours that last for a long time and causes some sort of problem or distress. <end>",schizoid personality disorder
9196204,what is journaling?,<start> mental health topic support and care can help. <end>,journaling
9197443,how is values work treated?,<start> consult a professional treatments exist. <end>,value work treated
9250044,how can i use distraction to manage difficult thoughts or feelings?,<start> distraction is a very valid tool to help you cope when everything feels overwhelming or when you feel lonely or isolated. <end>,use distraction manage difficult thought feeling
9279821,what is recovery planning?,<start> mental health topic support and care can help. <end>,recovery planning
9375710,what are common signs of breathing exercises?,"<start> watch for changes in mood, behavior, or function. <end>",common sign breathing exercise
9398441,can ai chatbots and mental health improve with treatment?,<start> yes. with proper care many people improve. <end>,ai chatbots mental health improve treatment
9434130,what are some of the warning signs of mental illness?,<start> symptoms of mental health disorders vary depending on the type and severity of the condition. <end>,warning sign mental illness
9436429,can burnout improve with treatment?,<start> yes. with proper care many people improve. <end>,burnout improve treatment
9478454,can social anxiety improve with treatment?,<start> yes. with proper care many people improve. <end>,social anxiety improve treatment
9479356,can mental health apps improve with treatment?,<start> yes. with proper care many people improve. <end>,mental health apps improve treatment
9487336,when should i get help for cognitive behavioral therapy?,"<start> seek help if symptoms persist, worsen, or disrupt daily life. <end>",get help cognitive behavioral therapy
9508103,what are common signs of pollution and brain health?,"<start> watch for changes in mood, behavior, or function. <end>",common sign pollution brain health
9517169,can ketamine treatment improve with treatment?,<start> yes. with proper care many people improve. <end>,ketamine treatment improve treatment
9517485,what are common signs of wearables and mood tracking?,"<start> watch for changes in mood, behavior, or function. <end>",common sign wearable mood tracking
9519948,when should i get help for psychosis?,"<start> seek help if symptoms persist, worsen, or disrupt daily life. <end>",get help psychosis
9539480,where can i go to find a support group?,<start> many people find peer support a helpful tool that can aid in their recovery. <end>,go find support group
9541219,where can i go to find therapy?,<start> several different types of treatment and therapy that can help. <end>,go find therapy
9546409,can chronic illness coping improve with treatment?,<start> yes. with proper care many people improve. <end>,chronic illness coping improve treatment
9548432,can relapse prevention improve with treatment?,<start> yes. with proper care many people improve. <end>,relapse prevention improve treatment
9580255,can traditional healing and mental health improve with treatment?,<start> yes. with proper care many people improve. <end>,traditional healing mental health improve treatment
9626108,what are common signs of pollution and brain health?,"<start> watch for changes in mood, behavior, or function. <end>",common sign pollution brain health
9630578,how can i find a support group?,<start> support groups are a way for people with a common experience to help each other and learn from each other. <end>,find support group
9676742,"how can i find a doctor, psychiatrist, psychologist, or counsellor?","<start> to find a family doctor general physician , visit the college of physicians and surgeons of bc to use their find a physician tool. <end>",find doctor psychiatrist psychologist counsellor
9679704,what is antisocial personality disorder?,"<start> a personality disorder is a pattern of thoughts, feelings, and behaviours that last for a long time and causes some sort of problem or distress. <end>",antisocial personality disorder
9683481,when should i get help for herbal remedies mood?,"<start> seek help if symptoms persist, worsen, or disrupt daily life. <end>",get help herbal remedy mood
9722815,how is domestic violence effects treated?,<start> consult a professional treatments exist. <end>,domestic violence effect treated
9770838,what is learning disabilities?,<start> mental health topic support and care can help. <end>,learning disability
9852897,what is vitamin d and mood?,<start> mental health topic support and care can help. <end>,vitamin mood
9874152,can insurance coverage improve with treatment?,<start> yes. with proper care many people improve. <end>,insurance coverage improve treatment
9877065,what are common signs of reducing stigma?,"<start> watch for changes in mood, behavior, or function. <end>",common sign reducing stigma
9897858,can gratitude practice improve with treatment?,<start> yes. with proper care many people improve. <end>,gratitude practice improve treatment
9910817,what is insomnia?,<start> trouble falling or staying asleep that impairs functioning. <end>,insomnia
9937326,can chronic illness coping improve with treatment?,<start> yes. with proper care many people improve. <end>,chronic illness coping improve treatment
9961380,when should i get help for confidentiality?,"<start> seek help if symptoms persist, worsen, or disrupt daily life. <end>",get help confidentiality
9996207,what are common signs of medication refill planning?,"<start> watch for changes in mood, behavior, or function. <end>",common sign medication refill planning
9996414,when should i get help for chronic pain and mental health?,"<start> seek help if symptoms persist, worsen, or disrupt daily life. <end>",get help chronic pain mental health
9997381,when should i get help for forest bathing?,"<start> seek help if symptoms persist, worsen, or disrupt daily life. <end>",get help forest bathing
